{"train_loss": [1.666592086284933, 0.9239325481401363, 0.6157793025945274, 0.4329216023775893, 0.3300811837256794, 0.24726339175142872, 0.22459262706549235, 0.17604676702282798, 0.13521454474088593, 0.1138840289065011], "val_loss": [1.3557677567005157, 1.0275024837917752, 1.0506365878714456, 0.9254853719224533, 0.929084366808335, 0.9641221074594392, 1.0274742644073234, 1.0169182481865089, 1.0639077012634113, 1.093131879861984], "val_macro_f1": [0.38057154701169765, 0.5831761767138323, 0.5955743047107253, 0.6236388338134286, 0.6464850466287597, 0.6485828867893311, 0.6673840163661371, 0.6632660334863655, 0.6580546899306597, 0.661048806446696], "val_weighted_f1": [0.356620688687966, 0.6400582797777937, 0.650039902800808, 0.6839965016945291, 0.6907140721931733, 0.7098976720935172, 0.7155254178713146, 0.7199256751618419, 0.7225047025639826, 0.7141754424404104], "val_class_f1": [[0.44755244755244755, 0.04285714285714286, 0.5555555555555556, 0.43727598566308246, 0.5685279187817259, 0.23166023166023167], [0.4142857142857143, 0.5488721804511278, 0.5866666666666667, 0.7700534759358288, 0.6442953020134228, 0.5348837209302325], [0.46153846153846156, 0.5538461538461539, 0.5882352941176471, 0.7925531914893617, 0.6022727272727273, 0.575], [0.5217391304347826, 0.5982905982905983, 0.5609756097560976, 0.825, 0.6326530612244898, 0.6031746031746031], [0.46601941747572817, 0.5813953488372093, 0.6666666666666666, 0.83, 0.6568627450980392, 0.6779661016949152], [0.5142857142857142, 0.6055776892430279, 0.5846153846153846, 0.855036855036855, 0.694300518134715, 0.6376811594202898], [0.5344827586206896, 0.6505190311418685, 0.6666666666666666, 0.8244274809160306, 0.6966292134831461, 0.631578947368421], [0.47191011235955055, 0.6710097719869706, 0.6428571428571429, 0.8341708542713567, 0.7039106145251397, 0.6557377049180327], [0.4897959183673469, 0.6644518272425249, 0.6153846153846154, 0.8578431372549019, 0.6746987951807228, 0.6461538461538462], [0.5714285714285714, 0.6617647058823529, 0.6774193548387096, 0.8329297820823245, 0.6421052631578947, 0.5806451612903226]]}